<?xml version="1.0" encoding="UTF-8"?>
 <beans xmlns = "http://www.springframework.org/schema/beans"  
   xmlns:xsi = "http://www.w3.org/2001/XMLSchema-instance"  
     xmlns:context = "http://www.springframework.org/schema/context"  
       xsi:schemaLocation = "http://www.springframework.org/schema/beans  
         http://www.springframework.org/schema/beans/spring-beans.xsd  
           http://www.springframework.org/schema/context 
              http://www.springframework.org/schema/context/spring-context.xsd">



                        
                   <bean id="flight" class="demo.Flight">
                   </bean>
                   
                 <bean id="scope" class="demo.Scope" scope="singleton">
                   </bean>  
                   
                   <bean id="elec" class="assignment.Electric" scope="singleton"></bean>
                   
                   <bean id="train" class="assignment.Train" scope="prototype"></bean>
                   
                   <bean id="satellite" class="assignment.Satellite" init-method="init" destroy-method="destroy">      
                   <property name="name" value="Chandrayan"/>
                   <property name="fueltype" value="GAS"/>
                   </bean>
                   
                   <bean id="basecar" class="assignment.Car">
                   		<property name="cost" value="5000000"/>
                   </bean>
                   
                   <bean id="bmwcar" class="assignment.BMW" parent="basecar">
                   		<property name="name" value="BMW Car"/>
                   		<property name="features" value="Automatic Driving"/>
                   </bean>
                   
                    <bean id="mercar" class="assignment.Mercedez" parent="basecar">
                   		<property name="name" value="Mercedez"/>
                   		<property name="features" value="Autogear"/>
                   </bean>
</beans>