<?xml version="1.0" encoding="UTF-8"?>
 <beans xmlns = "http://www.springframework.org/schema/beans"  
   xmlns:xsi = "http://www.w3.org/2001/XMLSchema-instance"  
     xmlns:context = "http://www.springframework.org/schema/context"  
       xsi:schemaLocation = "http://www.springframework.org/schema/beans  
         http://www.springframework.org/schema/beans/spring-beans.xsd  
           http://www.springframework.org/schema/context 
              http://www.springframework.org/schema/context/spring-context.xsd">


<bean id="insurance" class="demo.Insurance" init-method="init" destroy-method="destroy">      
     <property name="id" value="498560"/>        
            <property name="insurance_holder" value="Ritesh"/> 
                   <property name="insurance_company" value="Max Bupa"/>   
                        <property name="insurance_type" value="Health Insurance"/>  
                        <property name="insurance_amount" value="25000"/>  </bean>
                        
                        
                        
      <bean class="demo.InitInsurance"></bean>
                    </beans>
                  