[
  {
    "id": 1,
    "name": "Laptop 14 inches",
    "price": "60000 Rs",
    "photo": "../assets/lap.jpg"
  },

  {
    "id": 2,
    "name": "Headphones",
    "price": "6000 Rs",
    "photo": "../assets/head.jpg"
  },

  {
    "id": 3,
    "name": "Amazon Alexa",
    "price": "25000 Rs",
    "photo": "../assets/alexa.jpg"
  },

  {
    "id": 4,
    "name": "Air Jordan",
    "price": "30000 Rs",
    "photo": "../assets/jord.jpeg"
  },

  {
    "id": 5,
    "name": "Women Shoes",
    "price": "4000 Rs",
    "photo": "../assets/women.jpeg"
  },

  {
    "id": 6,
    "name": "Crocs ",
    "price": "5000 Rs",
    "photo": "../assets/crocs.jpeg"
  },

  {
    "id": 7,
    "name": "Lays Pack of 10",
    "price": "400  Rs",
    "photo": "../assets/lays.jpg"
  },

  {
    "id": 8,
    "name": "Oreo Biscuits",
    "price": "200 Rs",
    "photo": "../assets/oreo.jpg"
  },

  {
    "id": 9,
    "name": "Dairy Milk Silk",
    "price": "500 Rs",
    "photo": "../assets/dm.jpg"
  }
]
