[
    {
    "id":1,
    "name":"PVR",
    "location":"Panjagutta",
    "movies":["1","4"],
     "photo":"../assets/pvr.jpg"
    },

    {
        "id":2,
        "name":"IMAX",
        "location":"Khairtabad",
        "movies":["2","3","5"],
        "photo":"../assets/imax.jpg"
    },

    {
        "id":3,
        "name":"Cinemax",
        "location":"Kukatpally",
        "movies":["1","5"],
        "photo":"../assets/cinemax.jpg"
    },

    {
        "id":4,
        "name":"Cinepolis",
        "location":"Shamsabad",
        "movies":["3","4","5"],
        "photo":"../assets/cinepolis.jpg"
    },

    {
        "id":5,
        "name":"GVK",
        "location":"Panjagutta",
        "movies":["1","2","3"],
        "photo":"../assets/gvk.jpg"
    },

    {
        "id":6,
        "name":"AMB Cinemas",
        "location":"Gachibowli",
        "movies":["1","5","3"],
        "photo":"../assets/amb.jpg"
    }

    


]