[
    {
        "id":1,
        "name":"AVPL",
        "theme":"comedy",
        "rating":"4.5"
    },
    {
        "id":2,
        "name":"ASVR",
        "theme":"Crime",
        "rating":"4.0"
    },
    {
        "id":3,
        "name":"Ghost",
        "theme":"Thriller",
        "rating":"4.5"
    },
    {
        "id":4,
        "name":"Office",
        "theme":"comedy",
        "rating":"5.0"
    },
    {
        "id":5,
        "name":"Harry Potter",
        "theme":"fiction",
        "rating":"4.8"
    }
]