[
    {
        "id":1,
        "name": "Shatabdhi",
        "class":"Sleeper",
        "traveller":"Ritesh",
        "phone":9030992057,
        "aadhar":667788990022,
        "from":"Secunderabad",
        "to":"Delhi",
        "station":"Secunderabad"
    },

    {
        "id":2,
        "name": "Rajdhani",
        "class":"AC",
        "traveller":"Chakri",
        "phone":9030992557,
        "aadhar":69988990022,
        "from":"Kachiguda",
        "to":"Kolkata",
        "station":"Hyderabad"
        
    },

    {
        "id":3,
        "name": "Metro",
        "class":"Sleeper",
        "traveller":"Chandu",
        "phone":9038992057,
        "aadhar":663388990022,
        "from":"Guntur",
        "to":"Bnagalore",
        "station":"Kachiguda"
    },

    {
        "id":4,
        "name": "Shatabdhi",
        "class":"AC",
        "traveller":"Gautam",
        "phone":9033099208,
        "aadhar":667780090022,
        "from":"Jamshedpur",
        "to":"Chennai",
        "station":"Ranchi"
    },

    {
        "id":5,
        "name": "Shatabdhi",
        "class":"Sleeper",
        "traveller":"Rahul",
        "phone":9888992057,
        "aadhar":65758585940,
        "from":"Allahabad",
        "to":"Mumbai",
        "station":"Amethi"
    }]